{"_runtime":87,"_step":7,"train/loss":97.224,"train/grad_norm":407.896240234375,"_timestamp":1.7670204660796418e+09,"_wandb":{"runtime":87},"train/learning_rate":7e-08,"train/global_step":8,"train/epoch":0.01751505199781062}