{"train/learning_rate":4.4e-07,"_step":44,"_runtime":406,"train/global_step":45,"train/grad_norm":470.197021484375,"_wandb":{"runtime":406},"_timestamp":1.7670182370824807e+09,"train/loss":101.5689,"train/epoch":0.8823529411764706}