{"test/steps_per_second":8.088,"_step":2040,"train_loss":0.3475630948794271,"train/learning_rate":3.26797385620915e-08,"test/f1_macro":0.8528483965349334,"_wandb":{"runtime":2666},"eval/runtime":50.6214,"eval/loss":1.014378309249878,"train_steps_per_second":0.761,"eval/steps_per_second":8.04,"test/runtime":50.3213,"test/accuracy":0.8476658476658476,"train/global_step":2030,"train/entropy":1.4852426052093506,"train/num_tokens":3.325695e+06,"_timestamp":1.7667666745450191e+09,"train/mean_token_accuracy":1,"eval/entropy":1.5255887423452055,"train/loss":0,"test/samples_per_second":8.088,"eval/accuracy":0.8476658476658476,"eval/num_tokens":3.325695e+06,"eval/mean_token_accuracy":0.8476658476658476,"train/epoch":5,"eval/f1_macro":0.8528483965349334,"_runtime":2666,"total_flos":1.3763727244076544e+17,"eval/samples_per_second":8.04,"train_runtime":2667.1679,"train_samples_per_second":3.044,"train/grad_norm":0.002462084172293544,"test/loss":1.0118952989578247}