{"_wandb":{"runtime":2680},"train/learning_rate":2.8011204481792715e-08,"eval/steps_per_second":7.839,"eval/accuracy":0.8774509803921569,"train/global_step":2285,"test/samples_per_second":7.931,"eval/f1_macro":0.8867213267364285,"total_flos":1.5414594800790528e+17,"test/runtime":25.7225,"train/grad_norm":0.0004169951134826988,"test/f1_macro":0.8867213267364285,"_step":2295,"train_steps_per_second":0.852,"train_runtime":2681.5268,"eval/num_tokens":3.72459e+06,"eval/entropy":1.5450673424730115,"train/loss":0,"eval/mean_token_accuracy":0.8627450980392157,"train/epoch":5,"train/entropy":1.4269239107767742,"eval/loss":0.8356125950813293,"train/num_tokens":3.72459e+06,"train_samples_per_second":3.407,"test/steps_per_second":7.931,"train_loss":0.3490752058446775,"test/accuracy":0.8774509803921569,"test/loss":0.8388290405273438,"_timestamp":1.7667341289945843e+09,"_runtime":2680,"train/mean_token_accuracy":1,"eval/samples_per_second":7.839,"eval/runtime":26.0254}