{"test/f1_macro":0.8884481948920422,"test/samples_per_second":7.912,"train/global_step":2285,"train/mean_token_accuracy":1,"train/grad_norm":0.008522408083081245,"eval/loss":0.42904093861579895,"train/num_tokens":3.72459e+06,"eval/accuracy":0.8774509803921569,"train_loss":0.6224339591213903,"test/accuracy":0.8774509803921569,"eval/entropy":1.475071327066889,"_timestamp":1.7666508444668229e+09,"train/loss":0.0002,"eval/mean_token_accuracy":0.8872549019607843,"eval/num_tokens":3.72459e+06,"test/loss":0.42918896675109863,"train_runtime":2688.5188,"total_flos":1.5414594800790528e+17,"eval/runtime":25.9292,"test/runtime":25.7825,"_step":2295,"train_steps_per_second":0.85,"train/entropy":1.3286884625752766,"eval/f1_macro":0.8884481948920422,"eval/samples_per_second":7.868,"train_samples_per_second":3.398,"train/learning_rate":2.36285614158005e-12,"test/steps_per_second":7.912,"_runtime":2687,"train/epoch":5,"_wandb":{"runtime":2687},"eval/steps_per_second":7.868}