{"eval/runtime":25.8832,"train/num_tokens":7.44918e+06,"_runtime":5125,"train_samples_per_second":3.558,"eval/loss":0.41210824251174927,"train/mean_token_accuracy":0.6666666666666666,"train/entropy":1.3380672136942546,"eval/mean_token_accuracy":0.8872549019607843,"_step":4580,"_wandb":{"runtime":5125},"_timestamp":1.7665138940724454e+09,"train/learning_rate":5.907141051308962e-13,"eval/accuracy":0.8921568627450981,"eval/steps_per_second":7.882,"eval/samples_per_second":7.882,"train/epoch":10,"train_loss":0.5107671214206658,"total_flos":3.0829189601581056e+17,"train_steps_per_second":0.89,"train/loss":1.7534,"eval/f1_macro":0.8995174390826565,"train/grad_norm":31.418811798095703,"train/global_step":4570,"eval/entropy":1.4921343893397088,"train_runtime":5135.5573,"eval/num_tokens":7.44918e+06}