{"_wandb":{"runtime":2701},"_runtime":2701,"total_flos":1.545240092804352e+17,"test/steps_per_second":7.924,"eval/loss":0.38565942645072937,"eval/num_tokens":3.733725e+06,"train/learning_rate":2.36285614158005e-12,"train/mean_token_accuracy":1,"train_loss":0.532687436498376,"eval/f1_macro":0.8763596112147265,"train/grad_norm":0.01069074496626854,"test/runtime":25.7443,"train/epoch":5,"eval/entropy":1.4450344040113337,"train_steps_per_second":0.846,"train_samples_per_second":3.381,"eval/steps_per_second":7.877,"train/loss":0.0003,"eval/accuracy":0.8676470588235294,"train/num_tokens":3.733725e+06,"train/entropy":1.3050032059351604,"train_runtime":2701.9207,"_timestamp":1.7666469791926968e+09,"eval/mean_token_accuracy":0.8823529411764706,"test/samples_per_second":7.924,"_step":2295,"test/f1_macro":0.8763596112147265,"eval/runtime":25.8996,"eval/samples_per_second":7.877,"test/loss":0.3858444392681122,"test/accuracy":0.8676470588235294,"train/global_step":2285}