{"test/loss":0.7923279404640198,"train/num_tokens":3.332875e+06,"eval/entropy":1.555809131103196,"eval/num_tokens":3.332875e+06,"train/mean_token_accuracy":1,"_timestamp":1.7667775098757052e+09,"_wandb":{"runtime":2671},"test/steps_per_second":8.167,"eval/runtime":49.9455,"_runtime":2671,"eval/f1_macro":0.8975884954350463,"eval/loss":0.7924627065658569,"test/accuracy":0.8891625615763546,"test/runtime":49.7126,"test/samples_per_second":8.167,"eval/steps_per_second":8.129,"train/global_step":2035,"train/epoch":5,"eval/accuracy":0.8891625615763546,"train/entropy":1.0679570436477661,"train/grad_norm":0.0007319158175960183,"eval/samples_per_second":8.129,"test/f1_macro":0.8975884954350463,"train/loss":0,"train_runtime":2682.1784,"train_steps_per_second":0.759,"train/learning_rate":3.2573289902280135e-08,"train_samples_per_second":3.029,"total_flos":1.37934424048512e+17,"eval/mean_token_accuracy":0.8866995073891626,"_step":2045,"train_loss":0.35755661691612567}