{"eval/num_tokens":3.72459e+06,"_timestamp":1.766508072255365e+09,"train/global_step":2285,"_runtime":2562,"train/grad_norm":0.007876882329583168,"train/num_tokens":3.72459e+06,"train_steps_per_second":0.888,"train/epoch":5,"eval/mean_token_accuracy":0.8872549019607843,"eval/f1_macro":0.8884481948920422,"eval/runtime":25.9432,"_step":2290,"train_runtime":2573.3855,"eval/accuracy":0.8774509803921569,"eval/steps_per_second":7.863,"total_flos":1.5414594800790528e+17,"train/learning_rate":2.36285614158005e-12,"eval/samples_per_second":7.863,"train/loss":0.0002,"train/mean_token_accuracy":1,"_wandb":{"runtime":2562},"train_loss":0.6210819096014282,"eval/entropy":1.4754636980154936,"train_samples_per_second":3.55,"eval/loss":0.42854732275009155,"train/entropy":1.328766942024231}