{"train_runtime":88.3494,"train_samples_per_second":5.093,"train/global_step":115,"_wandb":{"runtime":87},"eval/loss":1.2447712421417236,"eval/f1_macro":0.47916666666666663,"_timestamp":1.7666379127074616e+09,"train/mean_token_accuracy":0.5,"train/grad_norm":25.923181533813477,"train/learning_rate":9.32796845223294e-10,"train/entropy":1.4437177181243896,"eval/runtime":0.8009,"train/loss":4.1446,"eval/mean_token_accuracy":0.5,"eval/accuracy":0.6,"train/epoch":5,"eval/num_tokens":103105,"eval/steps_per_second":12.485,"eval/entropy":1.4907026708126068,"train/num_tokens":103105,"total_flos":4.26710536444416e+15,"train_loss":3.069805178694103,"_runtime":87,"_step":120,"eval/samples_per_second":12.485,"train_steps_per_second":1.302}