{"train/learning_rate":4.524560903940391e-06,"train/num_tokens":744918,"test/runtime":25.8114,"_wandb":{"runtime":537},"train/global_step":457,"train/grad_norm":30.609695434570312,"train/mean_token_accuracy":0.3333333333333333,"_timestamp":1.766658775951861e+09,"test/steps_per_second":7.903,"train/entropy":1.912954052289327,"eval/samples_per_second":7.84,"test/samples_per_second":7.903,"test/loss":0.5598047375679016,"eval/accuracy":0.8676470588235294,"eval/entropy":1.4354535604224485,"_runtime":537,"train/loss":3.4638,"train/epoch":1,"_step":458,"eval/mean_token_accuracy":0.8676470588235294,"eval/num_tokens":744918,"test/accuracy":0.8676470588235294,"eval/runtime":26.0189,"eval/loss":0.5606495141983032,"test/f1_macro":0.8774694403873735,"eval/f1_macro":0.8774694403873735,"eval/steps_per_second":7.84}