{"train_loss":0.4350196318800074,"test/f1_macro":0.8947035798027777,"_step":2295,"eval/mean_token_accuracy":0.8872549019607843,"train/learning_rate":9.4514245663202e-12,"_runtime":2686,"test/steps_per_second":7.873,"test/loss":0.4489664137363434,"train/entropy":1.382702112197876,"eval/samples_per_second":7.869,"train_samples_per_second":3.399,"total_flos":1.5414594800790528e+17,"test/samples_per_second":7.873,"train_steps_per_second":0.85,"eval/steps_per_second":7.869,"train/epoch":5,"eval/entropy":1.5219635346940918,"train_runtime":2687.1845,"train/loss":0,"eval/accuracy":0.8872549019607843,"test/runtime":25.9117,"eval/f1_macro":0.8947035798027777,"_timestamp":1.7666660408688462e+09,"eval/num_tokens":3.72459e+06,"_wandb":{"runtime":2686},"train/global_step":2285,"train/grad_norm":0.002699165605008602,"eval/loss":0.45085346698760986,"train/mean_token_accuracy":1,"eval/runtime":25.924,"train/num_tokens":3.72459e+06,"test/accuracy":0.8872549019607843}