{"train/entropy":1.6970571875572205,"_runtime":1001,"_timestamp":1.766762908970567e+09,"train/loss":2.7835,"train/grad_norm":21.134498596191406,"train/global_step":174,"train/epoch":0.42857142857142855,"train/learning_rate":1.73e-05,"_wandb":{"runtime":1001},"_step":173,"train/num_tokens":282381,"train/mean_token_accuracy":0.75}