{"train/entropy":1.6539278030395508,"train_steps_per_second":1.217,"train_samples_per_second":4.866,"train_runtime":1877.2705,"train/grad_norm":27.82529640197754,"_runtime":1871,"total_flos":7.608811874574336e+16,"train/epoch":5,"train/num_tokens":6.39566e+06,"eval/mean_token_accuracy":0.20098039215686275,"_timestamp":1.7665414904680228e+09,"train_loss":2.0356096797229424,"eval/entropy":1.8835402902434855,"eval/samples_per_second":10.439,"eval/loss":1.6190085411071777,"train/loss":1.463,"train/learning_rate":2.36285614158005e-12,"eval/accuracy":0.23039215686274508,"eval/num_tokens":6.39566e+06,"eval/runtime":19.5418,"train/global_step":2285,"train/mean_token_accuracy":0.6666666666666666,"_step":2290,"eval/steps_per_second":10.439,"_wandb":{"runtime":1871},"eval/f1_macro":0.13179627329192548}