{"train/epoch":0.0784313725490196,"train/global_step":4,"_runtime":54,"_timestamp":1.7670184626919456e+09,"train/learning_rate":3.0000000000000004e-08,"_wandb":{"runtime":54},"train/loss":92.3587,"train/grad_norm":360.1957702636719,"_step":3}