{"train/grad_norm":0.00853739958256483,"eval/accuracy":0.8774509803921569,"eval/steps_per_second":7.854,"train_runtime":2691.6317,"eval/entropy":1.494051665652032,"_timestamp":1.7666581505805843e+09,"train/num_tokens":3.72459e+06,"train/learning_rate":2.36285614158005e-12,"eval/loss":0.42203545570373535,"eval/runtime":25.9738,"train/epoch":5,"test/accuracy":0.8774509803921569,"eval/num_tokens":3.72459e+06,"_wandb":{"runtime":2690},"train/mean_token_accuracy":1,"eval/samples_per_second":7.854,"train_loss":0.565827494367998,"eval/f1_macro":0.8874954070561483,"test/steps_per_second":7.906,"train_steps_per_second":0.849,"_step":2295,"eval/mean_token_accuracy":0.8872549019607843,"_runtime":2690,"train_samples_per_second":3.394,"test/runtime":25.8044,"total_flos":1.5425871977327616e+17,"test/f1_macro":0.8874954070561483,"train/global_step":2285,"train/entropy":1.3483840227127075,"test/loss":0.41766485571861267,"test/samples_per_second":7.906,"train/loss":0.0002}