{"train/global_step":2285,"_step":2295,"test/f1_macro":0.8779071389814742,"test/steps_per_second":7.906,"train/num_tokens":3.72459e+06,"train_samples_per_second":3.382,"eval/accuracy":0.8725490196078431,"train/learning_rate":2.36285614158005e-12,"test/samples_per_second":7.906,"eval/runtime":25.9929,"train/grad_norm":0.005232916213572025,"total_flos":1.5408956212521984e+17,"eval/f1_macro":0.8832397359377826,"eval/loss":0.4543502926826477,"train_loss":0.6924754646487102,"test/runtime":25.804,"train/mean_token_accuracy":1,"eval/entropy":1.4715071376047881,"eval/num_tokens":3.72459e+06,"eval/mean_token_accuracy":0.8774509803921569,"train/entropy":1.323638121287028,"train_runtime":2700.681,"eval/samples_per_second":7.848,"train/epoch":5,"_wandb":{"runtime":2699},"_timestamp":1.7666620646924958e+09,"eval/steps_per_second":7.848,"train_steps_per_second":0.846,"test/loss":0.45369017124176025,"_runtime":2699,"test/accuracy":0.8676470588235294,"train/loss":0.0001}