{"test/steps_per_second":7.685,"train/global_step":2285,"test/loss":0.7835015058517456,"eval/steps_per_second":7.61,"train_loss":0.21876839815161145,"train/learning_rate":2.3628561415800497e-11,"train/loss":0,"eval/mean_token_accuracy":0.8725490196078431,"total_flos":1.5425871977327616e+17,"train/entropy":1.4219954013824463,"_runtime":2921,"eval/entropy":1.5449092341404336,"train_samples_per_second":3.126,"test/runtime":26.5451,"_step":2295,"eval/runtime":26.8081,"_timestamp":1.766729657853111e+09,"test/accuracy":0.8921568627450981,"train/grad_norm":0.0009784308495000005,"train/epoch":5,"eval/f1_macro":0.8996253403500483,"eval/accuracy":0.8921568627450981,"train/num_tokens":3.72459e+06,"eval/num_tokens":3.72459e+06,"train/mean_token_accuracy":1,"eval/loss":0.7833190560340881,"train_steps_per_second":0.782,"eval/samples_per_second":7.61,"_wandb":{"runtime":2921},"test/samples_per_second":7.685,"train_runtime":2922.6593,"test/f1_macro":0.8996253403500483}