{"test/accuracy":0.8774509803921569,"train/grad_norm":0.00041614859947003424,"train_samples_per_second":3.411,"test/samples_per_second":7.932,"train/loss":0,"_wandb":{"runtime":2676},"eval/mean_token_accuracy":0.8823529411764706,"eval/f1_macro":0.8859858194582694,"test/f1_macro":0.8859858194582694,"test/runtime":25.7201,"eval/accuracy":0.8774509803921569,"total_flos":1.5414594800790528e+17,"eval/entropy":1.6447685054119896,"test/steps_per_second":7.932,"train/learning_rate":4.7257122831600994e-11,"train_runtime":2678.1595,"train/global_step":2285,"_step":2295,"eval/samples_per_second":7.884,"eval/steps_per_second":7.884,"train/entropy":1.5189186731974285,"train/epoch":5,"eval/num_tokens":3.72459e+06,"train_loss":0.2051948952882087,"test/loss":0.8523870706558228,"train/mean_token_accuracy":1,"eval/loss":0.8468490242958069,"train/num_tokens":3.72459e+06,"_timestamp":1.7666726862687364e+09,"eval/runtime":25.8762,"_runtime":2676,"train_steps_per_second":0.853}