{"train/learning_rate":3.2573289902280135e-08,"eval/samples_per_second":8.08,"train_steps_per_second":0.759,"train_samples_per_second":3.032,"test/accuracy":0.8374384236453202,"eval/mean_token_accuracy":0.8399014778325123,"_runtime":2668,"eval/accuracy":0.8399014778325123,"test/samples_per_second":8.127,"test/f1_macro":0.8466847916549616,"train_runtime":2679.4079,"eval/runtime":50.2451,"eval/num_tokens":3.336435e+06,"test/steps_per_second":8.127,"train/grad_norm":0.007294801063835621,"_wandb":{"runtime":2668},"train/loss":0.0001,"total_flos":1.3808175827185152e+17,"eval/loss":0.9610258340835571,"eval/f1_macro":0.848813668302596,"train/entropy":1.4462631940841675,"train/mean_token_accuracy":1,"train/epoch":5,"_step":2045,"train_loss":0.3385281778536088,"train/num_tokens":3.336435e+06,"eval/steps_per_second":8.08,"train/global_step":2035,"test/loss":0.9675176739692688,"_timestamp":1.766769386600925e+09,"eval/entropy":1.5895732300622123,"test/runtime":49.9569}