{"train/epoch":1.6133004926108374,"test/samples_per_second":8.077,"train/num_tokens":1.076129e+06,"train/loss":0.0733,"eval/accuracy":0.8230958230958231,"eval/num_tokens":665139,"train/learning_rate":4.496732026143791e-05,"train/entropy":1.6436007916927338,"_wandb":{"runtime":804},"train/mean_token_accuracy":1,"train/global_step":655,"eval/loss":0.5550923943519592,"test/accuracy":0.8230958230958231,"_timestamp":1.7667638722748973e+09,"eval/mean_token_accuracy":0.8181818181818182,"train/grad_norm":2.5366568565368652,"eval/runtime":50.7395,"_step":656,"eval/samples_per_second":8.021,"test/runtime":50.3917,"test/f1_macro":0.8307403878001173,"_runtime":804,"test/loss":0.5568673014640808,"eval/f1_macro":0.8307403878001173,"eval/steps_per_second":8.021,"test/steps_per_second":8.077,"eval/entropy":1.534740460153294}