{"train/mean_token_accuracy":0.75,"eval/accuracy":0.07352941176470588,"train/entropy":1.9308868646621704,"train/loss":1.2064,"eval/samples_per_second":10.394,"train/learning_rate":1.2959123483454228e-05,"eval/mean_token_accuracy":0.27450980392156865,"_timestamp":1.7664951582315052e+09,"_wandb":{"runtime":760},"train/epoch":2.0240831964969894,"train/grad_norm":13.020005226135254,"train/num_tokens":2.588537e+06,"eval/entropy":1.8663518995630974,"train/global_step":925,"eval/runtime":19.6276,"eval/num_tokens":2.558264e+06,"eval/loss":1.527172327041626,"eval/f1_macro":0.05073666748975884,"_runtime":760,"_step":926,"eval/steps_per_second":10.394}