{"eval/num_tokens":3.72459e+06,"train/mean_token_accuracy":1,"test/steps_per_second":7.931,"eval/steps_per_second":7.881,"train/grad_norm":0.0006153854192234576,"train_samples_per_second":3.408,"train_loss":0.2872660543599029,"_step":2295,"train_runtime":2680.4111,"train/epoch":5,"train/loss":0,"train/num_tokens":3.72459e+06,"test/loss":0.7341882586479187,"eval/samples_per_second":7.881,"total_flos":1.5414594800790528e+17,"_runtime":2679,"eval/f1_macro":0.9055738128195376,"train/learning_rate":2.3628561415800497e-11,"eval/mean_token_accuracy":0.8872549019607843,"eval/loss":0.7338559031486511,"test/accuracy":0.8970588235294118,"_wandb":{"runtime":2679},"eval/accuracy":0.8970588235294118,"train/global_step":2285,"test/samples_per_second":7.931,"test/runtime":25.7232,"test/f1_macro":0.9055738128195376,"eval/entropy":1.5690293107547013,"train/entropy":1.4373364448547363,"eval/runtime":25.8853,"train_steps_per_second":0.852,"_timestamp":1.7666694384618971e+09}