{"train/global_step":4570,"train/mean_token_accuracy":0.6666666666666666,"train/num_tokens":9.77578e+06,"train_loss":0.9727458506692239,"eval/entropy":1.2242723539763807,"eval/num_tokens":9.77578e+06,"eval/loss":0.7937998175621033,"eval/steps_per_second":6.824,"_timestamp":1.7665569658313615e+09,"train/learning_rate":5.907141051308962e-13,"train_samples_per_second":2.968,"eval/mean_token_accuracy":0.8235294117647058,"train_steps_per_second":0.742,"_runtime":6150,"train/loss":1.1786,"train/epoch":10,"eval/accuracy":0.8088235294117647,"train/entropy":1.1487693587938945,"eval/f1_macro":0.8130574887945343,"_wandb":{"runtime":6150},"_step":4580,"eval/runtime":29.8952,"train_runtime":6155.7753,"eval/samples_per_second":6.824,"total_flos":4.343868374802432e+17,"train/grad_norm":104.4197006225586}