{"train/mean_token_accuracy":0.75,"_runtime":5,"train/grad_norm":8.750082969665527,"train/epoch":0.00875752599890531,"train/loss":2.2108,"train/entropy":1.221608728170395,"_step":3,"train/global_step":4,"_wandb":{"runtime":5},"train/learning_rate":9.999957468643049e-05,"train/num_tokens":5873,"_timestamp":1.7666699719772286e+09}