{"train/loss":0.4386,"train/grad_norm":7.745175361633301,"train/learning_rate":1.2000000000000002e-06,"_wandb":{"runtime":17},"_step":15,"_runtime":17,"train/global_step":16,"_timestamp":1.7670202872618601e+09,"train/epoch":0.03503010399562124}