{"test/loss":0.7463451623916626,"eval/accuracy":0.8842364532019704,"train/epoch":5,"train/grad_norm":0.02639370784163475,"train_samples_per_second":3.038,"_step":2045,"eval/num_tokens":3.290325e+06,"train/global_step":2035,"train/entropy":1.1621202230453491,"train_steps_per_second":0.761,"_timestamp":1.766774794982349e+09,"eval/entropy":1.532050897335184,"total_flos":1.361734489914624e+17,"eval/loss":0.7436885237693787,"eval/f1_macro":0.8885410582130462,"train/learning_rate":3.2573289902280135e-08,"train/num_tokens":3.290325e+06,"eval/samples_per_second":7.765,"test/f1_macro":0.8859268154650988,"train_loss":0.34601231666818744,"test/runtime":51.961,"eval/mean_token_accuracy":0.8768472906403941,"eval/runtime":52.2891,"test/steps_per_second":7.814,"test/accuracy":0.8817733990147784,"eval/steps_per_second":7.765,"train_runtime":2674.4835,"test/samples_per_second":7.814,"_wandb":{"runtime":2673},"train/mean_token_accuracy":1,"train/loss":0.0001,"_runtime":2673}