{"test/accuracy":0.8480392156862745,"train/global_step":78,"_step":81,"eval/accuracy":0.8529411764705882,"eval/samples_per_second":1.442,"test/samples_per_second":1.442,"eval/loss":22.559839248657227,"train/learning_rate":7.7e-07,"train/epoch":3,"train/loss":19.8922,"eval/steps_per_second":1.442,"_timestamp":1.7670172497967026e+09,"test/f1_macro":0.8528182392320323,"eval/f1_macro":0.8584304051721432,"test/loss":22.557573318481445,"train/grad_norm":113.06745910644531,"test/steps_per_second":1.442,"_runtime":1055,"test/runtime":141.4682,"eval/runtime":141.4934,"_wandb":{"runtime":1055}}