{"train/loss":0.0018,"eval/loss":0.5808107852935791,"test/runtime":141.3492,"train_steps_per_second":0.112,"test/accuracy":0.8676470588235294,"_step":2295,"train/learning_rate":3.871980891745342e-12,"eval/steps_per_second":1.441,"train/global_step":2285,"_wandb":{"runtime":20420},"train/grad_norm":0.2575567960739136,"eval/runtime":141.5712,"train_runtime":20422.8312,"total_flos":8.32499435803689e+17,"eval/samples_per_second":1.441,"_timestamp":1.7669999981476574e+09,"train_samples_per_second":0.447,"eval/f1_macro":0.8674967439206199,"_runtime":20420,"test/samples_per_second":1.443,"eval/accuracy":0.8627450980392157,"test/f1_macro":0.8722050273794804,"train/epoch":5,"train_loss":9.811690971379646,"test/steps_per_second":1.443,"test/loss":0.5848369002342224}