{"train/learning_rate":4.524560903940391e-05,"train/grad_norm":29.547346115112305,"test/accuracy":0.8921568627450981,"test/steps_per_second":7.676,"train/global_step":457,"train/entropy":2.1075297196706138,"test/runtime":26.5753,"train/epoch":1,"test/f1_macro":0.8981938484973184,"eval/runtime":26.8464,"eval/samples_per_second":7.599,"test/loss":0.3503704369068146,"train/mean_token_accuracy":0.3333333333333333,"eval/accuracy":0.8921568627450981,"eval/f1_macro":0.8981938484973184,"eval/num_tokens":744918,"eval/steps_per_second":7.599,"_runtime":587,"train/num_tokens":744918,"_wandb":{"runtime":587},"eval/entropy":1.6063079360653372,"eval/loss":0.3526250720024109,"_step":458,"test/samples_per_second":7.676,"_timestamp":1.7667260084295685e+09,"train/loss":1.6303,"eval/mean_token_accuracy":0.8921568627450981}