{"train/epoch":5,"_runtime":2684,"train/grad_norm":0.0003251263697165996,"test/samples_per_second":7.935,"train/mean_token_accuracy":1,"train/learning_rate":2.3628561415800497e-11,"test/f1_macro":0.896945420467366,"train_runtime":2685.7618,"train/entropy":1.4979842106501262,"train/global_step":2285,"test/runtime":25.7103,"test/steps_per_second":7.935,"train_steps_per_second":0.851,"eval/accuracy":0.8725490196078431,"total_flos":1.5425871977327616e+17,"eval/entropy":1.615072345324591,"train_loss":0.23148377418243593,"eval/num_tokens":3.72459e+06,"eval/runtime":25.9199,"test/loss":0.8907873034477234,"eval/f1_macro":0.8836788523031718,"train/loss":0,"_step":2295,"eval/loss":0.8963265419006348,"train/num_tokens":3.72459e+06,"test/accuracy":0.8872549019607843,"eval/mean_token_accuracy":0.8725490196078431,"train_samples_per_second":3.401,"eval/steps_per_second":7.87,"_timestamp":1.766682706931247e+09,"_wandb":{"runtime":2684},"eval/samples_per_second":7.87}