{"train/grad_norm":0.0003199145139660686,"train_steps_per_second":0.761,"eval/steps_per_second":7.955,"train/loss":0,"test/f1_macro":0.8559158946425152,"eval/accuracy":0.8497536945812808,"train_samples_per_second":3.039,"_step":2045,"test/loss":0.9317649006843567,"train_loss":0.33387967530382096,"train/entropy":1.1136184930801392,"eval/runtime":51.0349,"train/learning_rate":3.2573289902280135e-08,"train/mean_token_accuracy":1,"eval/entropy":1.5530896796087914,"total_flos":1.3715781542464512e+17,"eval/num_tokens":3.31411e+06,"test/runtime":50.6597,"eval/loss":0.9310722351074219,"train/num_tokens":3.31411e+06,"_wandb":{"runtime":2672},"test/samples_per_second":8.014,"eval/samples_per_second":7.955,"train/epoch":5,"_timestamp":1.766772092582537e+09,"test/accuracy":0.8497536945812808,"train_runtime":2673.3653,"_runtime":2672,"train/global_step":2035,"eval/f1_macro":0.8559158946425152,"test/steps_per_second":8.014,"eval/mean_token_accuracy":0.8571428571428571}