{"eval/runtime":26.126,"eval/num_tokens":3.72459e+06,"eval/f1_macro":0.11504474610356966,"eval/steps_per_second":7.808,"total_flos":1.5414594800790528e+17,"eval/samples_per_second":7.808,"train/learning_rate":2.36285614158005e-12,"train_samples_per_second":3.547,"_timestamp":1.76649782880049e+09,"train/entropy":1.3325191338857014,"eval/mean_token_accuracy":0.8872549019607843,"eval/loss":0.4287700355052948,"train/num_tokens":3.72459e+06,"train_steps_per_second":0.887,"train/grad_norm":0.007834775373339653,"eval/accuracy":0.20098039215686275,"train_runtime":2575.5508,"train_loss":0.6228919678775934,"train/loss":0.0002,"train/mean_token_accuracy":1,"_step":2290,"eval/entropy":1.4789590268742805,"_wandb":{"runtime":2574},"_runtime":2574,"train/epoch":5,"train/global_step":2285}