{"train_samples_per_second":3.565,"train_steps_per_second":0.892,"eval/loss":0.4142080545425415,"train_loss":0.5087794833445523,"eval/entropy":1.4943149101500417,"total_flos":3.0829189601581056e+17,"train/learning_rate":5.907141051308962e-13,"_timestamp":1.7665723523444924e+09,"eval/accuracy":0.8872549019607843,"eval/samples_per_second":7.875,"train/grad_norm":31.788461685180664,"train/loss":1.8727,"train/entropy":1.3405780394872029,"train_runtime":5124.2947,"_wandb":{"runtime":5117},"eval/num_tokens":7.44918e+06,"_step":4580,"train/epoch":10,"train/num_tokens":7.44918e+06,"train/mean_token_accuracy":0.6666666666666666,"_runtime":5117,"eval/runtime":25.9046,"eval/mean_token_accuracy":0.8872549019607843,"eval/steps_per_second":7.875,"train/global_step":4570,"eval/f1_macro":0.8950740563784041}