{"train/learning_rate":4.980027432830679e-06,"train/global_step":93,"train/epoch":0.20361247947454844,"train/loss":0.609,"_timestamp":1.7666626753948476e+09,"train/entropy":1.4413467049598694,"_runtime":107,"train/mean_token_accuracy":0.75,"_step":92,"_wandb":{"runtime":107},"train/num_tokens":146857,"train/grad_norm":19.104846954345703}