{"eval/mean_token_accuracy":0.8872549019607843,"train/mean_token_accuracy":0.3333333333333333,"_wandb":{"runtime":587},"_timestamp":1.7667251314559681e+09,"test/steps_per_second":7.64,"test/loss":0.3482462465763092,"eval/samples_per_second":7.552,"test/f1_macro":0.8981938484973184,"_runtime":587,"eval/f1_macro":0.8981938484973184,"train/loss":1.7614,"train/entropy":2.0856602589289346,"eval/num_tokens":744918,"test/samples_per_second":7.64,"eval/accuracy":0.8921568627450981,"train/num_tokens":744918,"eval/steps_per_second":7.552,"eval/runtime":27.0119,"test/accuracy":0.8921568627450981,"eval/loss":0.34781527519226074,"_step":458,"train/grad_norm":34.015472412109375,"train/epoch":1,"train/global_step":457,"eval/entropy":1.5910098853648877,"test/runtime":26.7001,"train/learning_rate":4.524560903940391e-05}